ranglijst;song;artiest;jaar_uitgebracht;jaar_lijst
1;Bohemian Rhapsody;Queen;-1975;2021
2;Roller Coaster;Danny Vera;-2019;2021
3;A Whiter Shade Of Pale;Procol Harum;-1967;2021
4;Hotel California;Eagles;-1977;2021
5;Piano Man;Billy Joel;-1974;2021
6;Radar Love;Golden Earring;-1973;2021
7;Stairway To Heaven;Led Zeppelin;-1971;2021
8;Nothing Else Matters;Metallica;-1992;2021
9;Black;Pearl Jam;-1991;2021
10;Avond;Boudewijn De Groot;-1997;2021
11;Fix you;Coldplay;-2005;2021
12;Love Of My Life;Queen;-1975;2021
13;Wish You Were Here;Pink Floyd;-1975;2021
14;Soldier On;Di-rect;-2020;2021
15;Child In Time;Deep Purple;-1972;2021
16;The River;Bruce Springsteen;-1981;2021
17;November Rain;Guns N' Roses;-1992;2021
18;Brothers In Arms;Dire Straits;-1985;2021
19;The Sound Of Silence;Disturbed;-2016;2021
20;Door De Wind;Miss Montreal;-2020;2021
21;Purple Rain;Prince & the Revolution;-1984;2021
22;Comfortably Numb;Pink Floyd;-1979;2021
23;Africa;Toto;-1982;2021
24;Heroes;David Bowie;-1977;2021
25;Sultans Of Swing;Dire Straits;-1978;2021
26;One;Metallica;-1994;2021
27;Oceaan;Racoon;-2013;2021
28;The Sound Of Silence;Simon & Garfunkel;-1966;2021
29;Shine On You Crazy Diamond;Pink Floyd;-1975;2021
30;Smells Like Teen Spirit;Nirvana;-1991;2021
31;Thunderstruck;AC/DC;-1990;2021
32;Just breathe;Pearl Jam;-2009;2021
33;Sweet Child O' Mine;Guns N' Roses;-1988;2021
34;Imagine;John Lennon;-1971;2021
35;Paradise By The Dashboard Light;Meat Loaf;-1978;2021
36;Telegraph Road;Dire Straits;-1982;2021
37;In The Air Tonight;Phil Collins;-1981;2021
38;Shallow;Lady Gaga & Bradley Cooper;-2018;2021
39;Over De Muur;Klein Orkest;-1984;2021
40;A Forest;The Cure;-1980;2021
41;Hurt;Johnny Cash;-2003;2021
42;Innuendo;Queen;-1991;2021
43;Viva la vida;Coldplay;-2008;2021
44;Dancing Queen;ABBA;-1976;2021
45;Go Your Own Way;Fleetwood Mac;-1977;2021
46;In The End;Linkin Park;-2001;2021
47;School;Supertramp;-1974;2021
48;Killing In The Name Of;Rage Against The Machine;-1993;2021
49;Cold Little Heart;Michael Kiwanuka;-2016;2021
50;Paint It Black;The Rolling Stones;-1966;2021
51;Enter Sandman;Metallica;-1991;2021
52;Papa;Stef Bos;-1991;2021
53;When The Lady Smiles;Golden Earring;-1984;2021
54;Het Dorp;Wim Sonneveld;-1974;2021
55;Bridge Over Troubled Water;Simon & Garfunkel;-1970;2021
56;Back To Black;Amy Winehouse;-2011;2021
57;Don't Stop Me Now;Queen;-1979;2021
58;Alive;Pearl Jam;-1992;2021
59;Let It Be;The Beatles;-1970;2021
60;Pastorale;Ramses Shaffy & Liesbeth List;-1969;2021
61;Sunday Bloody Sunday;U2;-1985;2021
62;God Only Knows;The Beach Boys;-1966;2021
63;Sympathy For The Devil;The Rolling Stones;-1973;2021
64;Sorry;Kensington;-2016;2021
65;Master of Puppets;Metallica;-1986;2021
66;Creep;Radiohead;-1993;2021
67;With Or Without You;U2;-1987;2021
68;Mr. Blue Sky;Electric Light Orchestra;-1978;2021
69;Under Pressure;David Bowie & Queen;-1981;2021
70;Iron Sky;Paolo Nutini;-2014;2021
71;Fool's Overture;Supertramp;-1977;2021
72;The Scientist;Coldplay;-2002;2021
73;Another Brick In The Wall;Pink Floyd;-1979;2021
74;One;U2;-1992;2021
75;Phantom Of The Opera;Floor Jansen & Henk Poort;-2019;2021
76;Lose Yourself;Eminem;-2002;2021
77;The Chain;Fleetwood Mac;-1977;2021
78;Somebody To Love (live);George Michael & Queen;-1993;2021
79;Uprising;Muse;-2009;2021
80;Old And Wise;The Alan Parsons Project;-1982;2021
81;Somebody To Love;Queen;-1976;2021
82;Here Comes The Sun;The Beatles;-1969;2021
83;Brabant;Guus Meeuwis;-2003;2021
84;Under The Bridge;Red Hot Chili Peppers;-1992;2021
85;Lola Montez;Volbeat;-2013;2021
86;Mag Ik Dan Bij Jou;Claudia de Breij;-2011;2021
87;Riders On The Storm;The Doors;-1971;2021
88;Highway to hell;AC/DC;-1979;2021
89;Who Wants To Live Forever;Queen;-1986;2021
90;Tears In Heaven;Eric Clapton;-1992;2021
91;Angie;The Rolling Stones;-1973;2021
92;Angels;Robbie Williams;-1998;2021
93;Private Investigations;Dire Straits;-1982;2021
94;Uncharted;Kensington;-2019;2021
95;Another 45 Miles;Golden Earring;-1969;2021
96;Zoutelande;Bløf ft. Geike;-2017;2021
97;Impossible (Orchestral Version Live At Abbey Road);Nothing But Thieves;-2020;2021
98;Chasing cars;Snow Patrol;-2006;2021
99;Jolene;Dolly Parton;-1974;2021
100;Gimme Shelter;The Rolling Stones;-1969;2021
1;Roller Coaster;Danny Vera;-2019;2020
2;Bohemian Rhapsody;Queen;-1975;2020
3;Hotel California;Eagles;-1977;2020
4;Piano Man;Billy Joel;-1974;2020
5;Stairway To Heaven;Led Zeppelin;-1971;2020
6;Black;Pearl Jam;-1991;2020
7;Avond;Boudewijn De Groot;-1997;2020
8;Fix you;Coldplay;-2005;2020
9;Wish You Were Here;Pink Floyd;-1975;2020
10;Heroes;David Bowie;-1977;2020
11;Love Of My Life;Queen;-1975;2020
12;Soldier On;Di-rect;-2020;2020
13;Purple Rain;Prince & the Revolution;-1984;2020
14;Africa;Toto;-1982;2020
15;Child In Time;Deep Purple;-1972;2020
16;November Rain;Guns N' Roses;-1992;2020
17;Nothing Else Matters;Metallica;-1992;2020
18;Brothers In Arms;Dire Straits;-1985;2020
19;Comfortably Numb;Pink Floyd;-1979;2020
20;The Sound Of Silence;Disturbed;-2016;2020
21;The River;Bruce Springsteen;-1981;2020
22;Oceaan;Racoon;-2013;2020
23;The Sound Of Silence;Simon & Garfunkel;-1966;2020
24;Thunderstruck;AC/DC;-1990;2020
25;Smells Like Teen Spirit;Nirvana;-1991;2020
26;Imagine;John Lennon;-1971;2020
27;Sultans Of Swing;Dire Straits;-1978;2020
28;Shine On You Crazy Diamond;Pink Floyd;-1975;2020
29;Door de wind;Miss Montreal;-2020;2020
30;One;Metallica;-1994;2020
31;Papa;Stef Bos;-1991;2020
32;Just breathe;Pearl Jam;-2009;2020
33;Radar Love;Golden Earring;-1973;2020
34;Paradise By The Dashboard Light;Meat Loaf;-1978;2020
35;Sweet Child O' Mine;Guns N' Roses;-1988;2020
36;In The Air Tonight;Phil Collins;-1981;2020
37;Shallow;Lady Gaga & Bradley Cooper;-2018;2020
38;Over De Muur;Klein Orkest;-1984;2020
39;A Forest;The Cure;-1980;2020
40;Hurt;Johnny Cash;-2003;2020
41;Go Your Own Way;Fleetwood Mac;-1977;2020
42;Telegraph Road;Dire Straits;-1982;2020
43;Viva la vida;Coldplay;-2008;2020
44;Paint It Black;The Rolling Stones;-1966;2020
45;School;Supertramp;-1974;2020
46;Innuendo;Queen;-1991;2020
47;Het Dorp;Wim Sonneveld;-1974;2020
48;Bridge Over Troubled Water;Simon & Garfunkel;-1970;2020
49;In The End;Linkin Park;-2001;2020
50;Let It Be;The Beatles;-1970;2020
51;Killing In The Name Of;Rage Against The Machine;-1993;2020
52;Sunday Bloody Sunday;U2;-1985;2020
53;With Or Without You;U2;-1987;2020
54;Mag Ik Dan Bij Jou;Claudia de Breij;-2011;2020
55;Don't Stop Me Now;Queen;-1979;2020
56;Dancing Queen;ABBA;-1976;2020
57;Alive;Pearl Jam;-1992;2020
58;Back to black;Amy Winehouse;-2011;2020
59;Under Pressure;David Bowie & Queen;-1981;2020
60;Somebody to love (live);George Michael & Queen;-1993;2020
61;The scientist;Coldplay;-2002;2020
62;Creep;Radiohead;-1993;2020
63;God Only Knows;The Beach Boys;-1966;2020
64;Jolene;Dolly Parton;-1974;2020
65;Cold Little Heart;Michael Kiwanuka;-2016;2020
66;Sympathy For The Devil;The Rolling Stones;-1973;2020
67;One;U2;-1992;2020
68;Enter sandman;Metallica;-1991;2020
69;Brabant;Guus Meeuwis;-2003;2020
70;Somebody To Love;Queen;-1976;2020
71;Zoutelande;Bløf ft. Geike;-2017;2020
72;Mr. Blue Sky;Electric Light Orchestra;-1978;2020
73;Pastorale;Ramses Shaffy & Liesbeth List;-1969;2020
74;Lose Yourself;Eminem;-2002;2020
75;Fool's Overture;Supertramp;-1977;2020
76;Sorry;Kensington;-2016;2020
77;Another Brick In The Wall;Pink Floyd;-1979;2020
78;Highway to hell;AC/DC;-1979;2020
79;Angie;The Rolling Stones;-1973;2020
80;Under The Bridge;Red Hot Chili Peppers;-1992;2020
81;Riders On The Storm;The Doors;-1971;2020
82;Angels;Robbie Williams;-1998;2020
83;Here Comes The Sun;The Beatles;-1969;2020
84;Old And Wise;The Alan Parsons Project;-1982;2020
85;Who Wants To Live Forever;Queen;-1986;2020
86;Iron Sky;Paolo Nutini;-2014;2020
87;Uncharted;Kensington;-2019;2020
88;Master of Puppets;Metallica;-1986;2020
89;The Show Must Go On;Queen;-1991;2020
90;The Dock Of The Bay;Otis Redding;-1968;2020
91;Whole Lotta Rosie;AC/DC;-1978;2020
92;Hey Jude;The Beatles;-1968;2020
93;Uprising;Muse;-2009;2020
94;Chasing cars;Snow Patrol;-2006;2020
95;Private Investigations;Dire Straits;-1982;2020
96;Clocks;Coldplay;-2003;2020
97;Laat Me;Ramses Shaffy;-1978;2020
98;Blinding Lights;The Weeknd;-2019;2020
99;Where The Streets Have No Name;U2;-1987;2020
100;Gimme Shelter;The Rolling Stones;-1969;2020
1;Bohemian Rhapsody;Queen;-1975;2019
2;Hotel California;Eagles;-1977;2019
3;Piano Man;Billy Joel;-1974;2019
4;Roller Coaster;Danny Vera;-2019;2019
5;Stairway To Heaven;Led Zeppelin;-1971;2019
6;Avond;Boudewijn De Groot;-1997;2019
7;Black;Pearl Jam;-1991;2019
8;Fix you;Coldplay;-2005;2019
9;De Boer Dat Is De Keerl;Normaal;-1993;2019
10;Wish You Were Here;Pink Floyd;-1975;2019
11;Africa;Toto;-1982;2019
12;Child In Time;Deep Purple;-1972;2019
13;Love Of My Life;Queen;-1975;2019
14;November Rain;Guns N' Roses;-1992;2019
15;Nothing Else Matters;Metallica;-1992;2019
16;Comfortably Numb;Pink Floyd;-1979;2019
17;Brothers In Arms;Dire Straits;-1985;2019
18;The Sound Of Silence;Disturbed;-2016;2019
19;The River;Bruce Springsteen;-1981;2019
20;Thunderstruck;AC/DC;-1990;2019
21;One;Metallica;-1994;2019
22;Shine On You Crazy Diamond;Pink Floyd;-1975;2019
23;Radar Love;Golden Earring;-1973;2019
24;Purple Rain;Prince & the Revolution;-1984;2019
25;Het Dorp;Wim Sonneveld;-1974;2019
26;Sultans Of Swing;Dire Straits;-1978;2019
27;Heroes;David Bowie;-1977;2019
28;The Sound Of Silence;Simon & Garfunkel;-1966;2019
29;Imagine;John Lennon;-1971;2019
30;Over De Muur;Klein Orkest;-1984;2019
31;Hurt;Johnny Cash;-2003;2019
32;Sweet Child O' Mine;Guns N' Roses;-1988;2019
33;Just breathe;Pearl Jam;-2009;2019
34;Oceaan;Racoon;-2013;2019
35;Paradise By The Dashboard Light;Meat Loaf;-1978;2019
36;Viva la vida;Coldplay;-2008;2019
37;Smells Like Teen Spirit;Nirvana;-1991;2019
38;Mag Ik Dan Bij Jou;Claudia de Breij;-2011;2019
39;Innuendo;Queen;-1991;2019
40;Telegraph Road;Dire Straits;-1982;2019
41;School;Supertramp;-1974;2019
42;Somebody To Love;Queen;-1976;2019
43;Go Your Own Way;Fleetwood Mac;-1977;2019
44;A Forest;The Cure;-1980;2019
45;Shallow;Lady Gaga & Bradley Cooper;-2018;2019
46;The scientist;Coldplay;-2002;2019
47;Paint It Black;The Rolling Stones;-1966;2019
48;In The Air Tonight;Phil Collins;-1981;2019
49;Don't Stop Me Now;Queen;-1979;2019
50;Brabant;Guus Meeuwis;-2003;2019
51;Zoutelande;Bløf ft. Geike;-2017;2019
52;In The End;Linkin Park;-2001;2019
53;Let It Be;The Beatles;-1970;2019
54;Under Pressure;David Bowie & Queen;-1981;2019
55;With Or Without You;U2;-1987;2019
56;Alive;Pearl Jam;-1992;2019
57;One;U2;-1992;2019
58;Back to black;Amy Winehouse;-2011;2019
59;God Only Knows;The Beach Boys;-1966;2019
60;Killing In The Name Of;Rage Against The Machine;-1993;2019
61;Sunday Bloody Sunday;U2;-1985;2019
62;Mr. Blue Sky;Electric Light Orchestra;-1978;2019
63;Sorry;Kensington;-2016;2019
64;Enter sandman;Metallica;-1991;2019
65;Sympathy For The Devil;The Rolling Stones;-1973;2019
66;Highway to hell;AC/DC;-1979;2019
67;Cold Little Heart;Michael Kiwanuka;-2016;2019
68;Dancing Queen;ABBA;-1976;2019
69;Another Brick In The Wall;Pink Floyd;-1979;2019
70;Papa;Stef Bos;-1991;2019
71;Fool's Overture;Supertramp;-1977;2019
72;Hey Jude;The Beatles;-1968;2019
73;Pastorale;Ramses Shaffy & Liesbeth List;-1969;2019
74;Who Wants To Live Forever;Queen;-1986;2019
75;Riders On The Storm;The Doors;-1971;2019
76;Old And Wise;The Alan Parsons Project;-1982;2019
77;Here Comes The Sun;The Beatles;-1969;2019
78;Under The Bridge;Red Hot Chili Peppers;-1992;2019
79;Somebody to love (live);George Michael & Queen;-1993;2019
80;Clocks;Coldplay;-2003;2019
81;Whole Lotta Rosie;AC/DC;-1978;2019
82;Bridge Over Troubled Water;Simon & Garfunkel;-1970;2019
83;Creep;Radiohead;-1993;2019
84;Deurdonderen;Normaal;-1982;2019
85;Master of Puppets;Metallica;-1986;2019
86;Iron Sky;Paolo Nutini;-2014;2019
87;Private Investigations;Dire Straits;-1982;2019
88;Oerend Hard;Normaal;-1977;2019
89;Angels;Robbie Williams;-1998;2019
90;Angie;The Rolling Stones;-1973;2019
91;Tears In Heaven;Eric Clapton;-1992;2019
92;Space Oddity;David Bowie;-1969;2019
93;Laat Me;Ramses Shaffy;-1978;2019
94;Yesterday;The Beatles;-1965;2019
95;Lose Yourself;Eminem;-2002;2019
96;Dochters;Marco Borsato;-2008;2019
97;Jolene;Dolly Parton;-1974;2019
98;Where The Streets Have No Name;U2;-1987;2019
99;The Dock Of The Bay;Otis Redding;-1968;2019
100;Gimme Shelter;The Rolling Stones;-1969;2019
1;Bohemian Rhapsody;Queen;-1975;2018
2;Hotel California;Eagles;-1977;2018
3;Piano Man;Billy Joel;-1974;2018
4;Stairway To Heaven;Led Zeppelin;-1971;2018
5;Wish You Were Here;Pink Floyd;-1975;2018
6;Child In Time;Deep Purple;-1972;2018
7;Black;Pearl Jam;-1991;2018
8;Africa;Toto;-1982;2018
9;Fix you;Coldplay;-2005;2018
10;Avond;Boudewijn De Groot;-1997;2018
11;November Rain;Guns N' Roses;-1992;2018
12;Love Of My Life;Queen;-1975;2018
13;Nothing Else Matters;Metallica;-1992;2018
14;Comfortably Numb;Pink Floyd;-1979;2018
15;Brothers In Arms;Dire Straits;-1985;2018
16;Imagine;John Lennon;-1971;2018
17;Heroes;David Bowie;-1977;2018
18;Shine On You Crazy Diamond;Pink Floyd;-1975;2018
19;Thunderstruck;AC/DC;-1990;2018
20;Sultans Of Swing;Dire Straits;-1978;2018
21;The River;Bruce Springsteen;-1981;2018
22;Hurt;Johnny Cash;-2003;2018
23;One;Metallica;-1994;2018
24;Mag Ik Dan Bij Jou;Claudia de Breij;-2011;2018
25;Purple Rain;Prince & the Revolution;-1984;2018
26;The Sound Of Silence;Simon & Garfunkel;-1966;2018
27;Radar Love;Golden Earring;-1973;2018
28;Oceaan;Racoon;-2013;2018
29;Paradise By The Dashboard Light;Meat Loaf;-1978;2018
30;Innuendo;Queen;-1991;2018
31;Zoutelande;Bløf ft. Geike;-2017;2018
32;Smells Like Teen Spirit;Nirvana;-1991;2018
33;Somebody To Love;Queen;-1976;2018
34;Sweet Child O' Mine;Guns N' Roses;-1988;2018
35;Just breathe;Pearl Jam;-2009;2018
36;Viva la vida;Coldplay;-2008;2018
37;Don't Stop Me Now;Queen;-1979;2018
38;Under Pressure;David Bowie & Queen;-1981;2018
39;The Sound Of Silence;Disturbed;-2016;2018
40;Telegraph Road;Dire Straits;-1982;2018
41;In The Air Tonight;Phil Collins;-1981;2018
42;Go Your Own Way;Fleetwood Mac;-1977;2018
43;Back to black;Amy Winehouse;-2011;2018
44;School;Supertramp;-1974;2018
45;The scientist;Coldplay;-2002;2018
46;God Only Knows;Beach Boys;-1966;2018
47;In The End;Linkin Park;-2001;2018
48;Paint It Black;Rolling Stones;-1966;2018
49;Sympathy For The Devil;Rolling Stones;-1973;2018
50;One;U2;-1992;2018
51;Mr. Blue Sky;Electric Light Orchestra;-1978;2018
52;With Or Without You;U2;-1987;2018
53;Let It Be;Beatles;-1970;2018
54;Another Brick In The Wall;Pink Floyd;-1979;2018
55;Alive;Pearl Jam;-1992;2018
56;Brabant;Guus Meeuwis;-2003;2018
57;Clocks;Coldplay;-2003;2018
58;Riders On The Storm;Doors;-1971;2018
59;Highway to hell;AC/DC;-1979;2018
60;Over De Muur;Klein Orkest;-1984;2018
61;Bridge Over Troubled Water;Simon & Garfunkel;-1970;2018
62;Killing In The Name Of;Rage against the machine;-1993;2018
63;Lose Yourself;Eminem;-2002;2018
64;Het Dorp;Wim Sonneveld;-1974;2018
65;Old And Wise;Alan Parsons Project;-1982;2018
66;Under The Bridge;Red Hot Chili Peppers;-1992;2018
67;Dancing Queen;Abba;-1976;2018
68;Somebody to love (live);George Michael & Queen;-1993;2018
69;Sunday Bloody Sunday;U2;-1985;2018
70;Hey Jude;Beatles;-1968;2018
71;A Forest;Cure;-1980;2018
72;Enter sandman;Metallica;-1991;2018
73;Whole Lotta Rosie;AC/DC;-1978;2018
74;Who Wants To Live Forever;Queen;-1986;2018
75;Sorry;Kensington;-2016;2018
76;Angels;Robbie Williams;-1998;2018
77;Iron Sky;Paolo Nutini;-2014;2018
78;Tears In Heaven;Eric Clapton;-1992;2018
79;Angie;Rolling Stones;-1973;2018
80;Private Investigations;Dire Straits;-1982;2018
81;Space Oddity;David Bowie;-1969;2018
82;Billie Jean;Michael Jackson;-1983;2018
83;The pretender;Foo Fighters;-2007;2018
84;Losing My Religion;R.E.M.;-1991;2018
85;Perfect;Ed Sheeran;-2017;2018
86;House Of The Rising Sun;Animals;-1964;2018
87;Creep;Radiohead;-1993;2018
88;Killer Queen;Queen;-1974;2018
89;Master of Puppets;Metallica;-1986;2018
90;The Dock Of The Bay;Otis Redding;-1968;2018
91;Cold Little Heart;Michael Kiwanuka;-2016;2018
92;Fool's Overture;Supertramp;-1977;2018
93;Goodnight Saigon;Billy Joel;-1983;2018
94;Papa;Stef Bos;-1991;2018
95;Chasing cars;Snow Patrol;-2006;2018
96;Bitter Sweet Symphony;Verve;-1997;2018
97;Someone like you;Adele;-2011;2018
98;Uprising;Muse;-2009;2018
99;Gimme Shelter;Rolling Stones;-1969;2018
100;Wake Me Up;Avicii;-2013;2018
1;Bohemian Rhapsody;Queen;-1975;2017
2;Hotel California;Eagles;-1977;2017
3;Stairway To Heaven;Led Zeppelin;-1971;2017
4;Piano Man;Billy Joel;-1974;2017
5;Child In Time;Deep Purple;-1972;2017
6;Black;Pearl Jam;-1991;2017
7;Wish You Were Here;Pink Floyd;-1975;2017
8;Fix you;Coldplay;-2005;2017
9;Avond;Boudewijn De Groot;-1997;2017
10;November Rain;Guns N' Roses;-1992;2017
11;Heroes;David Bowie;-1977;2017
12;Comfortably Numb;Pink Floyd;-1979;2017
13;Thunderstruck;AC/DC;-1990;2017
14;Mag Ik Dan Bij Jou;Claudia de Breij;-2011;2017
15;Nothing Else Matters;Metallica;-1992;2017
16;Imagine;John Lennon;-1971;2017
17;Brothers In Arms;Dire Straits;-1985;2017
18;Purple Rain;Prince & the Revolution;-1984;2017
19;The River;Bruce Springsteen;-1981;2017
20;Hurt;Johnny Cash;-2003;2017
21;Radar Love;Golden Earring;-1973;2017
22;Shine On You Crazy Diamond;Pink Floyd;-1975;2017
23;One;Metallica;-1994;2017
24;Oceaan;Racoon;-2013;2017
25;Africa;Toto;-1982;2017
26;Sultans Of Swing;Dire Straits;-1978;2017
27;Paradise By The Dashboard Light;Meat Loaf;-1978;2017
28;The Sound Of Silence;Simon & Garfunkel;-1966;2017
29;God Only Knows;Beach Boys;-1966;2017
30;Just breathe;Pearl Jam;-2009;2017
31;Viva la vida;Coldplay;-2008;2017
32;One;U2;-1992;2017
33;Go Your Own Way;Fleetwood Mac;-1977;2017
34;Smells Like Teen Spirit;Nirvana;-1991;2017
35;Old And Wise;Alan Parsons Project;-1982;2017
36;Sweet Child O' Mine;Guns N' Roses;-1988;2017
37;Alive;Pearl Jam;-1992;2017
38;Innuendo;Queen;-1991;2017
39;The scientist;Coldplay;-2002;2017
40;In The End;Linkin Park;-2001;2017
41;With Or Without You;U2;-1987;2017
42;A Forest;Cure;-1980;2017
43;Highway to hell;AC/DC;-1979;2017
44;School;Supertramp;-1974;2017
45;Over De Muur;Klein Orkest;-1984;2017
46;Clocks;Coldplay;-2003;2017
47;Sunday Bloody Sunday;U2;-1985;2017
48;In The Air Tonight;Phil Collins;-1981;2017
49;Riders On The Storm;Doors;-1971;2017
50;Brabant;Guus Meeuwis;-2003;2017
51;Sympathy For The Devil;Rolling Stones;-1973;2017
52;Iron Sky;Paolo Nutini;-2014;2017
53;Telegraph Road;Dire Straits;-1982;2017
54;The Sound Of Silence;Disturbed;-2016;2017
55;Mr. Blue Sky;Electric Light Orchestra;-1978;2017
56;Under The Bridge;Red Hot Chili Peppers;-1992;2017
57;Back to black;Amy Winehouse;-2011;2017
58;Bridge Over Troubled Water;Simon & Garfunkel;-1970;2017
59;Whole Lotta Rosie;AC/DC;-1978;2017
60;Sorry;Kensington;-2016;2017
61;Hey Jude;Beatles;-1968;2017
62;Het Dorp;Wim Sonneveld;-1974;2017
63;Enter sandman;Metallica;-1991;2017
64;Killing In The Name Of;Rage against the machine;-1993;2017
65;Creep;Radiohead;-1993;2017
66;Somebody To Love;Queen;-1976;2017
67;Paint It Black;Rolling Stones;-1966;2017
68;Angels;Robbie Williams;-1998;2017
69;Private Investigations;Dire Straits;-1982;2017
70;Angie;Rolling Stones;-1973;2017
71;Where The Streets Have No Name;U2;-1987;2017
72;Love Of My Life;Queen;-1975;2017
73;Losing My Religion;R.E.M.;-1991;2017
74;The Dock Of The Bay;Otis Redding;-1968;2017
75;Tears In Heaven;Eric Clapton;-1992;2017
76;Space Oddity;David Bowie;-1969;2017
77;House Of The Rising Sun;Animals;-1964;2017
78;Chasing cars;Snow Patrol;-2006;2017
79;Let It Be;Beatles;-1970;2017
80;Gimme Shelter;Rolling Stones;-1969;2017
81;Goodnight Saigon;Billy Joel;-1983;2017
82;Het Regent Zonnestralen;Acda En De Munnik;-1998;2017
83;Bitter Sweet Symphony;Verve;-1997;2017
84;Fool's Overture;Supertramp;-1977;2017
85;Suspicious Minds;Elvis Presley;-1969;2017
86;Pastorale;Ramses Shaffy & Liesbeth List;-1969;2017
87;Yesterday;Beatles;-1965;2017
88;The pretender;Foo Fighters;-2007;2017
89;Someone like you;Adele;-2011;2017
90;Another Brick In The Wall;Pink Floyd;-1979;2017
91;Papa;Stef Bos;-1991;2017
92;Dancing Queen;Abba;-1976;2017
93;Master of Puppets;Metallica;-1986;2017
94;Don't Stop Me Now;Queen;-1979;2017
95;Stil In Mij;Van Dik Hout;-1994;2017
96;Uprising;Muse;-2009;2017
97;The Rose;Bette Midler;-1980;2017
98;Hallelujah;Leonard Cohen;-1984;2017
99;Belfast Child;Simple Minds;-1989;2017
100;Wonderwall;Oasis;-1995;2017
1;Bohemian Rhapsody;Queen;-1975;2016
2;Hotel California;Eagles;-1977;2016
3;Stairway To Heaven;Led Zeppelin;-1971;2016
4;Piano Man;Billy Joel;-1974;2016
5;Child In Time;Deep Purple;-1972;2016
6;Avond;Boudewijn De Groot;-1997;2016
7;Heroes;David Bowie;-1977;2016
8;Mag Ik Dan Bij Jou;Claudia de Breij;-2011;2016
9;Wish You Were Here;Pink Floyd;-1975;2016
10;Black;Pearl Jam;-1991;2016
11;Fix you;Coldplay;-2005;2016
12;Imagine;John Lennon;-1971;2016
13;Purple Rain;Prince & the Revolution;-1984;2016
14;The River;Bruce Springsteen;-1981;2016
15;Nothing Else Matters;Metallica;-1992;2016
16;Comfortably Numb;Pink Floyd;-1979;2016
17;November Rain;Guns N' Roses;-1992;2016
18;God Only Knows;Beach Boys;-1966;2016
19;Brothers In Arms;Dire Straits;-1985;2016
20;Shine On You Crazy Diamond;Pink Floyd;-1975;2016
21;Thunderstruck;AC/DC;-1990;2016
22;Radar Love;Golden Earring;-1973;2016
23;The Sound Of Silence;Simon & Garfunkel;-1966;2016
24;Oceaan;Racoon;-2013;2016
25;One;Metallica;-1994;2016
26;Sultans Of Swing;Dire Straits;-1978;2016
27;Paradise By The Dashboard Light;Meat Loaf;-1978;2016
28;Hurt;Johnny Cash;-2003;2016
29;Hallelujah;Leonard Cohen;-1984;2016
30;Africa;Toto;-1982;2016
31;One;U2;-1992;2016
32;Smells Like Teen Spirit;Nirvana;-1991;2016
33;Viva la vida;Coldplay;-2008;2016
34;Just breathe;Pearl Jam;-2009;2016
35;Innuendo;Queen;-1991;2016
36;Clocks;Coldplay;-2003;2016
37;Old And Wise;Alan Parsons Project;-1982;2016
38;Space Oddity;David Bowie;-1969;2016
39;Hey Jude;Beatles;-1968;2016
40;A Forest;Cure;-1980;2016
41;The scientist;Coldplay;-2002;2016
42;Brabant;Guus Meeuwis;-2003;2016
43;Go Your Own Way;Fleetwood Mac;-1977;2016
44;Alive;Pearl Jam;-1992;2016
45;Back to black;Amy Winehouse;-2011;2016
46;Riders On The Storm;Doors;-1971;2016
47;Someone like you;Adele;-2011;2016
48;School;Supertramp;-1974;2016
49;Sunday Bloody Sunday;U2;-1985;2016
50;Under The Bridge;Red Hot Chili Peppers;-1992;2016
51;Sweet Child O' Mine;Guns N' Roses;-1988;2016
52;Bridge Over Troubled Water;Simon & Garfunkel;-1970;2016
53;Telegraph Road;Dire Straits;-1982;2016
54;In The Air Tonight;Phil Collins;-1981;2016
55;Het Dorp;Wim Sonneveld;-1974;2016
56;The Dock Of The Bay;Otis Redding;-1968;2016
57;Iron Sky;Paolo Nutini;-2014;2016
58;Somebody To Love;Queen;-1976;2016
59;With Or Without You;U2;-1987;2016
60;Sympathy For The Devil;Rolling Stones;-1973;2016
61;Paint It Black;Rolling Stones;-1966;2016
62;Enter sandman;Metallica;-1991;2016
63;Het Regent Zonnestralen;Acda En De Munnik;-1998;2016
64;Love Of My Life;Queen;-1975;2016
65;Highway to hell;AC/DC;-1979;2016
66;Another Brick In The Wall;Pink Floyd;-1979;2016
67;Private Investigations;Dire Straits;-1982;2016
68;Let It Be;Beatles;-1970;2016
69;Pastorale;Ramses Shaffy & Liesbeth List;-1969;2016
70;Killing In The Name Of;Rage against the machine;-1993;2016
71;House Of The Rising Sun;Animals;-1964;2016
72;Hello;Adele;-2015;2016
73;Whole Lotta Rosie;AC/DC;-1978;2016
74;Angels;Robbie Williams;-1998;2016
75;Creep;Radiohead;-1993;2016
76;Chasing cars;Snow Patrol;-2006;2016
77;Goodnight Saigon;Billy Joel;-1983;2016
78;Angie;Rolling Stones;-1973;2016
79;Mr. Blue Sky;Electric Light Orchestra;-1978;2016
80;Losing My Religion;R.E.M.;-1991;2016
81;Over De Muur;Klein Orkest;-1984;2016
82;Home;Dotan;-2014;2016
83;Tears In Heaven;Eric Clapton;-1992;2016
84;Make you feel my love;Adele;-2008;2016
85;Bitter Sweet Symphony;Verve;-1997;2016
86;Who Wants To Live Forever;Queen;-1986;2016
87;Under Pressure;David Bowie & Queen;-1981;2016
88;Dochters;Marco Borsato;-2008;2016
89;The pretender;Foo Fighters;-2007;2016
90;Don't Stop Me Now;Queen;-1979;2016
91;Hallelujah;Jeff Buckley;-1994;2016
92;Iedereen Is Van De Wereld;Scene;-1991;2016
93;Stil In Mij;Van Dik Hout;-1994;2016
94;The Rose;Bette Midler;-1980;2016
95;Fool's Overture;Supertramp;-1977;2016
96;Blackbird;Beatles;-1968;2016
97;Yesterday;Beatles;-1965;2016
98;Belfast Child;Simple Minds;-1989;2016
99;Gimme Shelter;Rolling Stones;-1969;2016
100;Hurricane;Bob Dylan;-1975;2016
1;Imagine;John Lennon;-1971;2015
2;Bohemian Rhapsody;Queen;-1975;2015
3;Hotel California;Eagles;-1977;2015
4;Mag Ik Dan Bij Jou;Claudia de Breij;-2011;2015
5;Stairway To Heaven;Led Zeppelin;-1971;2015
6;Piano Man;Billy Joel;-1974;2015
7;Avond;Boudewijn De Groot;-1997;2015
8;Child In Time;Deep Purple;-1972;2015
9;Wish You Were Here;Pink Floyd;-1975;2015
10;Fix you;Coldplay;-2005;2015
11;Comfortably Numb;Pink Floyd;-1979;2015
12;Black;Pearl Jam;-1991;2015
13;November Rain;Guns N' Roses;-1992;2015
14;Shine On You Crazy Diamond;Pink Floyd;-1975;2015
15;Brothers In Arms;Dire Straits;-1985;2015
16;Nothing Else Matters;Metallica;-1992;2015
17;The River;Bruce Springsteen;-1981;2015
18;Someone like you;Adele;-2011;2015
19;God Only Knows;Beach Boys;-1966;2015
20;One;Metallica;-1994;2015
21;Oceaan;Racoon;-2013;2015
22;Brabant;Guus Meeuwis;-2003;2015
23;Hello;Adele;-2015;2015
24;One;U2;-1992;2015
25;Sultans Of Swing;Dire Straits;-1978;2015
26;Hurt;Johnny Cash;-2003;2015
27;Thunderstruck;AC/DC;-1990;2015
28;Viva la vida;Coldplay;-2008;2015
29;Clocks;Coldplay;-2003;2015
30;Paradise By The Dashboard Light;Meat Loaf;-1978;2015
31;Radar Love;Golden Earring;-1973;2015
32;Home;Dotan;-2014;2015
33;Make you feel my love;Adele;-2008;2015
34;Smells Like Teen Spirit;Nirvana;-1991;2015
35;The scientist;Coldplay;-2002;2015
36;Skyfall;Adele;-2012;2015
37;Old And Wise;Alan Parsons Project;-1982;2015
38;Innuendo;Queen;-1991;2015
39;Just breathe;Pearl Jam;-2009;2015
40;Go Your Own Way;Fleetwood Mac;-1977;2015
41;A Forest;Cure;-1980;2015
42;Africa;Toto;-1982;2015
43;Telegraph Road;Dire Straits;-1982;2015
44;The Sound Of Silence;Simon & Garfunkel;-1966;2015
45;Het Dorp;Wim Sonneveld;-1974;2015
46;Sympathy For The Devil;Rolling Stones;-1973;2015
47;Iron Sky;Paolo Nutini;-2014;2015
48;Hey Jude;Beatles;-1968;2015
49;Riders On The Storm;Doors;-1971;2015
50;Paint It Black;Rolling Stones;-1966;2015
51;Let It Be;Beatles;-1970;2015
52;School;Supertramp;-1974;2015
53;Whole Lotta Rosie;AC/DC;-1978;2015
54;Dochters;Marco Borsato;-2008;2015
55;Sweet Child O' Mine;Guns N' Roses;-1988;2015
56;With Or Without You;U2;-1987;2015
57;Sunday Bloody Sunday;U2;-1985;2015
58;Mr. Blue Sky;Electric Light Orchestra;-1978;2015
59;Bridge Over Troubled Water;Simon & Garfunkel;-1970;2015
60;Heroes;David Bowie;-1977;2015
61;Alive;Pearl Jam;-1992;2015
62;Purple Rain;Prince & the Revolution;-1984;2015
63;Het Regent Zonnestralen;Acda En De Munnik;-1998;2015
64;Iedereen Is Van De Wereld;Scene;-1991;2015
65;Somebody To Love;Queen;-1976;2015
66;Under The Bridge;Red Hot Chili Peppers;-1992;2015
67;Private Investigations;Dire Straits;-1982;2015
68;Thinking Out Loud;Ed Sheeran;-2014;2015
69;Fool's Overture;Supertramp;-1977;2015
70;The pretender;Foo Fighters;-2007;2015
71;Pastorale;Ramses Shaffy & Liesbeth List;-1969;2015
72;Another Brick In The Wall;Pink Floyd;-1979;2015
73;War;Kensington;-2014;2015
74;Love Of My Life;Queen;-1975;2015
75;Rolling in the deep;Adele;-2010;2015
76;Over De Muur;Klein Orkest;-1984;2015
77;Angie;Rolling Stones;-1973;2015
78;The Last Resort;Eagles;-1976;2015
79;Goodnight Saigon;Billy Joel;-1983;2015
80;Angels;Robbie Williams;-1998;2015
81;Enter sandman;Metallica;-1991;2015
82;The Dock Of The Bay;Otis Redding;-1968;2015
83;Tears In Heaven;Eric Clapton;-1992;2015
84;House Of The Rising Sun;Animals;-1964;2015
85;Gimme Shelter;Rolling Stones;-1969;2015
86;Stil In Mij;Van Dik Hout;-1994;2015
87;In The Air Tonight;Phil Collins;-1981;2015
88;Set fire to the rain;Adele;-2011;2015
89;Bitter Sweet Symphony;Verve;-1997;2015
90;Ben Ik Te Min;Armand;-1967;2015
91;Highway to hell;AC/DC;-1979;2015
92;Formidable;Stromae;-2013;2015
93;Chasing cars;Snow Patrol;-2006;2015
94;Killing In The Name Of;Rage against the machine;-1993;2015
95;Fragile;Sting;-1988;2015
96;Yesterday;Beatles;-1965;2015
97;Don't Stop Me Now;Queen;-1979;2015
98;Back to black;Amy Winehouse;-2011;2015
99;Who Wants To Live Forever;Queen;-1986;2015
100;The Rose;Bette Midler;-1980;2015
1;Hotel California;Eagles;-1977;2014
2;Bohemian Rhapsody;Queen;-1975;2014
3;Stairway To Heaven;Led Zeppelin;-1971;2014
4;Child In Time;Deep Purple;-1972;2014
5;Avond;Boudewijn De Groot;-1997;2014
6;Wish You Were Here;Pink Floyd;-1975;2014
7;Piano Man;Billy Joel;-1974;2014
8;Comfortably Numb;Pink Floyd;-1979;2014
9;Shine On You Crazy Diamond;Pink Floyd;-1975;2014
10;November Rain;Guns N' Roses;-1992;2014
11;Nothing Else Matters;Metallica;-1992;2014
12;Black;Pearl Jam;-1991;2014
13;God Only Knows;Beach Boys;-1966;2014
14;Brothers In Arms;Dire Straits;-1985;2014
15;Fix you;Coldplay;-2005;2014
16;The River;Bruce Springsteen;-1981;2014
17;Paradise By The Dashboard Light;Meat Loaf;-1978;2014
18;One;Metallica;-1994;2014
19;Mag Ik Dan Bij Jou;Claudia de Breij;-2011;2014
20;Clocks;Coldplay;-2003;2014
21;Oceaan;Racoon;-2013;2014
22;One;U2;-1992;2014
23;Viva la vida;Coldplay;-2008;2014
24;Thunderstruck;AC/DC;-1990;2014
25;Happy;Pharrel Williams;-2013;2014
26;Radar Love;Golden Earring;-1973;2014
27;Sultans Of Swing;Dire Straits;-1978;2014
28;Old And Wise;Alan Parsons Project;-1982;2014
29;Hurt;Johnny Cash;-2003;2014
30;Go Your Own Way;Fleetwood Mac;-1977;2014
31;Smells Like Teen Spirit;Nirvana;-1991;2014
32;Formidable;Stromae;-2013;2014
33;Brabant;Guus Meeuwis;-2003;2014
34;Heroes;David Bowie;-1977;2014
35;Someone like you;Adele;-2011;2014
36;The scientist;Coldplay;-2002;2014
37;Sympathy For The Devil;Rolling Stones;-1973;2014
38;Imagine;John Lennon;-1971;2014
39;Het Dorp;Wim Sonneveld;-1974;2014
40;Riders On The Storm;Doors;-1971;2014
41;School;Supertramp;-1974;2014
42;The Sound Of Silence;Simon & Garfunkel;-1966;2014
43;Whole Lotta Rosie;AC/DC;-1978;2014
44;Innuendo;Queen;-1991;2014
45;With Or Without You;U2;-1987;2014
46;Just breathe;Pearl Jam;-2009;2014
47;Pastorale;Ramses Shaffy & Liesbeth List;-1969;2014
48;Bridge Over Troubled Water;Simon & Garfunkel;-1970;2014
49;A Forest;Cure;-1980;2014
50;Let It Be;Beatles;-1970;2014
51;Africa;Toto;-1982;2014
52;Telegraph Road;Dire Straits;-1982;2014
53;Gimme Shelter;Rolling Stones;-1969;2014
54;Angie;Rolling Stones;-1973;2014
55;The Last Resort;Eagles;-1976;2014
56;Another Brick In The Wall;Pink Floyd;-1979;2014
57;Paint It Black;Rolling Stones;-1966;2014
58;Hey Jude;Beatles;-1968;2014
59;Alive;Pearl Jam;-1992;2014
60;Over De Muur;Klein Orkest;-1984;2014
61;Make you feel my love;Adele;-2008;2014
62;Sunday Bloody Sunday;U2;-1985;2014
63;Waves;Mr. Probz;-2013;2014
64;Under The Bridge;Red Hot Chili Peppers;-1992;2014
65;Sweet Child O' Mine;Guns N' Roses;-1988;2014
66;Highway to hell;AC/DC;-1979;2014
67;The Dock Of The Bay;Otis Redding;-1968;2014
68;Dochters;Marco Borsato;-2008;2014
69;Love Of My Life;Queen;-1975;2014
70;Private Investigations;Dire Straits;-1982;2014
71;Purple Rain;Prince & the Revolution;-1984;2014
72;Fool's Overture;Supertramp;-1977;2014
73;Tears In Heaven;Eric Clapton;-1992;2014
74;All Of Me;John Legend;-2013;2014
75;Angels;Robbie Williams;-1998;2014
76;Nights In White Satin;Moody Blues;-1968;2014
77;Het Regent Zonnestralen;Acda En De Munnik;-1998;2014
78;House Of The Rising Sun;Animals;-1964;2014
79;Enter sandman;Metallica;-1991;2014
80;Chasing cars;Snow Patrol;-2006;2014
81;Somebody To Love;Queen;-1976;2014
82;Home;Dotan;-2014;2014
83;Goodnight Saigon;Billy Joel;-1983;2014
84;Bitter Sweet Symphony;Verve;-1997;2014
85;The Rose;Bette Midler;-1980;2014
86;Fragile;Sting;-1988;2014
87;Killing In The Name Of;Rage against the machine;-1993;2014
88;Rolling in the deep;Adele;-2010;2014
89;Yesterday;Beatles;-1965;2014
90;Mr. Blue Sky;Electric Light Orchestra;-1978;2014
91;Stil In Mij;Van Dik Hout;-1994;2014
92;Perfect Day;Lou Reed;-1972;2014
93;Skyfall;Adele;-2012;2014
94;Let Her Go;Passenger;-2012;2014
95;The Load Out/stay;Jackson Browne;-1977;2014
96;Whole Lotta Love;Led Zeppelin;-1969;2014
97;In The Air Tonight;Phil Collins;-1981;2014
98;A Whiter Shade Of Pale;Procol Harum;-1967;2014
99;Hallelujah;Jeff Buckley;-1994;2014
100;Who Wants To Live Forever;Queen;-1986;2014
1;Bohemian Rhapsody;Queen;-1975;2013
2;Hotel California;Eagles;-1977;2013
3;Stairway To Heaven;Led Zeppelin;-1971;2013
4;Child In Time;Deep Purple;-1972;2013
5;Avond;Boudewijn De Groot;-1997;2013
6;Wish You Were Here;Pink Floyd;-1975;2013
7;The River;Bruce Springsteen;-1981;2013
8;Comfortably Numb;Pink Floyd;-1979;2013
9;Nothing Else Matters;Metallica;-1992;2013
10;Shine On You Crazy Diamond;Pink Floyd;-1975;2013
11;Brothers In Arms;Dire Straits;-1985;2013
12;Clocks;Coldplay;-2003;2013
13;November Rain;Guns N' Roses;-1992;2013
14;One;Metallica;-1994;2013
15;Viva la vida;Coldplay;-2008;2013
16;Black;Pearl Jam;-1991;2013
17;Hurt;Johnny Cash;-2003;2013
18;Piano Man;Billy Joel;-1974;2013
19;One;U2;-1992;2013
20;Fix you;Coldplay;-2005;2013
21;Sultans Of Swing;Dire Straits;-1978;2013
22;Paradise By The Dashboard Light;Meat Loaf;-1978;2013
23;Imagine;John Lennon;-1971;2013
24;Radar Love;Golden Earring;-1973;2013
25;Someone like you;Adele;-2011;2013
26;Smells Like Teen Spirit;Nirvana;-1991;2013
27;Brabant;Guus Meeuwis;-2003;2013
28;Africa;Toto;-1982;2013
29;The scientist;Coldplay;-2002;2013
30;Riders On The Storm;Doors;-1971;2013
31;Old And Wise;Alan Parsons Project;-1982;2013
32;The Sound Of Silence;Simon & Garfunkel;-1966;2013
33;Oceaan;Racoon;-2013;2013
34;Perfect Day;Lou Reed;-1972;2013
35;Sympathy For The Devil;Rolling Stones;-1973;2013
36;Het Dorp;Wim Sonneveld;-1974;2013
37;School;Supertramp;-1974;2013
38;Bridge Over Troubled Water;Simon & Garfunkel;-1970;2013
39;Let It Be;Beatles;-1970;2013
40;Angels;Robbie Williams;-1998;2013
41;Go Your Own Way;Fleetwood Mac;-1977;2013
42;Pastorale;Ramses Shaffy & Liesbeth List;-1969;2013
43;Under The Bridge;Red Hot Chili Peppers;-1992;2013
44;Innuendo;Queen;-1991;2013
45;Hey Jude;Beatles;-1968;2013
46;Angie;Rolling Stones;-1973;2013
47;With Or Without You;U2;-1987;2013
48;Another Brick In The Wall;Pink Floyd;-1979;2013
49;Paint It Black;Rolling Stones;-1966;2013
50;A Forest;Cure;-1980;2013
51;The Dock Of The Bay;Otis Redding;-1968;2013
52;Telegraph Road;Dire Straits;-1982;2013
53;Make you feel my love;Adele;-2008;2013
54;Thunderstruck;AC/DC;-1990;2013
55;House Of The Rising Sun;Animals;-1964;2013
56;Chasing cars;Snow Patrol;-2006;2013
57;Alive;Pearl Jam;-1992;2013
58;Sweet Child O' Mine;Guns N' Roses;-1988;2013
59;God Only Knows;Beach Boys;-1966;2013
60;The Last Resort;Eagles;-1976;2013
61;Skyfall;Adele;-2012;2013
62;Sunday Bloody Sunday;U2;-1985;2013
63;Somebody that I used to know;Gotye ft. Kimbra;-2011;2013
64;Whole Lotta Rosie;AC/DC;-1978;2013
65;Tears In Heaven;Eric Clapton;-1992;2013
66;Private Investigations;Dire Straits;-1982;2013
67;Enter sandman;Metallica;-1991;2013
68;Nights In White Satin;Moody Blues;-1968;2013
69;Just breathe;Pearl Jam;-2009;2013
70;Fool's Overture;Supertramp;-1977;2013
71;Paranoid;Black Sabbath;-1970;2013
72;Dochters;Marco Borsato;-2008;2013
73;Hurricane;Bob Dylan;-1975;2013
74;Fragile;Sting;-1988;2013
75;Rolling in the deep;Adele;-2010;2013
76;Yesterday;Beatles;-1965;2013
77;Purple Rain;Prince & the Revolution;-1984;2013
78;Hallelujah;Jeff Buckley;-1994;2013
79;Heroes;David Bowie;-1977;2013
80;Papa;Stef Bos;-1991;2013
81;Bitter Sweet Symphony;Verve;-1997;2013
82;Love Of My Life;Queen;-1975;2013
83;A Whiter Shade Of Pale;Procol Harum;-1967;2013
84;Over De Muur;Klein Orkest;-1984;2013
85;Mr. Blue Sky;Electric Light Orchestra;-1978;2013
86;Whole Lotta Love;Led Zeppelin;-1969;2013
87;Het Regent Zonnestralen;Acda En De Munnik;-1998;2013
88;Voor Haar;Frans Halsema;-1977;2013
89;Let Her Go;Passenger;-2012;2013
90;Goodnight Saigon;Billy Joel;-1983;2013
91;Somebody To Love;Queen;-1976;2013
92;Blackbird;Beatles;-1968;2013
93;Ne Me Quitte Pas;Jacques Brel;-1960;2013
94;Killing In The Name Of;Rage against the machine;-1993;2013
95;Stil In Mij;Van Dik Hout;-1994;2013
96;The pretender;Foo Fighters;-2007;2013
97;All Along The Watchtower;Jimi Hendrix Experience;-1968;2013
98;Sex on fire;Kings of Leon;-2008;2013
99;Street Spirit;Radiohead;-1995;2013
100;Who Wants To Live Forever;Queen;-1986;2013
1;Bohemian Rhapsody;Queen;-1975;2012
2;Hotel California;Eagles;-1977;2012
3;Stairway To Heaven;Led Zeppelin;-1971;2012
4;Child In Time;Deep Purple;-1972;2012
5;Avond;Boudewijn De Groot;-1997;2012
6;Wish You Were Here;Pink Floyd;-1975;2012
7;Shine On You Crazy Diamond;Pink Floyd;-1975;2012
8;Someone like you;Adele;-2011;2012
9;Clocks;Coldplay;-2003;2012
10;Comfortably Numb;Pink Floyd;-1979;2012
11;Brothers In Arms;Dire Straits;-1985;2012
12;November Rain;Guns N' Roses;-1992;2012
13;Rolling in the deep;Adele;-2010;2012
14;Nothing Else Matters;Metallica;-1992;2012
15;The River;Bruce Springsteen;-1981;2012
16;Viva la vida;Coldplay;-2008;2012
17;One;U2;-1992;2012
18;Radar Love;Golden Earring;-1973;2012
19;Paradise By The Dashboard Light;Meat Loaf;-1978;2012
20;One;Metallica;-1994;2012
21;Old And Wise;Alan Parsons Project;-1982;2012
22;Imagine;John Lennon;-1971;2012
23;Make you feel my love;Adele;-2008;2012
24;Black;Pearl Jam;-1991;2012
25;Somebody that I used to know;Gotye ft. Kimbra;-2011;2012
26;Angie;Rolling Stones;-1973;2012
27;Brabant;Guus Meeuwis;-2003;2012
28;Sultans Of Swing;Dire Straits;-1978;2012
29;Hurt;Johnny Cash;-2003;2012
30;Smells Like Teen Spirit;Nirvana;-1991;2012
31;The Dock Of The Bay;Otis Redding;-1968;2012
32;Riders On The Storm;Doors;-1971;2012
33;Hey Jude;Beatles;-1968;2012
34;The scientist;Coldplay;-2002;2012
35;School;Supertramp;-1974;2012
36;Piano Man;Billy Joel;-1974;2012
37;Set fire to the rain;Adele;-2011;2012
38;Bridge Over Troubled Water;Simon & Garfunkel;-1970;2012
39;Another Brick In The Wall;Pink Floyd;-1979;2012
40;Fix you;Coldplay;-2005;2012
41;Angels;Robbie Williams;-1998;2012
42;A Forest;Cure;-1980;2012
43;Paint It Black;Rolling Stones;-1966;2012
44;God Only Knows;Beach Boys;-1966;2012
45;Whole Lotta Rosie;AC/DC;-1978;2012
46;Pastorale;Ramses Shaffy & Liesbeth List;-1969;2012
47;Dochters;Marco Borsato;-2008;2012
48;Thunderstruck;AC/DC;-1990;2012
49;Private Investigations;Dire Straits;-1982;2012
50;Sympathy For The Devil;Rolling Stones;-1973;2012
51;House Of The Rising Sun;Animals;-1964;2012
52;Let It Be;Beatles;-1970;2012
53;With Or Without You;U2;-1987;2012
54;Innuendo;Queen;-1991;2012
55;Sunday Bloody Sunday;U2;-1985;2012
56;Bloed, zweet en tranen;André Hazes;-2002;2012
57;Sweet Child O' Mine;Guns N' Roses;-1988;2012
58;The cave;Mumford & Sons;-2010;2012
59;Alive;Pearl Jam;-1992;2012
60;Under The Bridge;Red Hot Chili Peppers;-1992;2012
61;A Whiter Shade Of Pale;Procol Harum;-1967;2012
62;Africa;Toto;-1982;2012
63;Chasing cars;Snow Patrol;-2006;2012
64;Fool's Overture;Supertramp;-1977;2012
65;Nights In White Satin;Moody Blues;-1968;2012
66;The Last Resort;Eagles;-1976;2012
67;Blackbird;Beatles;-1968;2012
68;Hallelujah;Jeff Buckley;-1994;2012
69;Het Dorp;Wim Sonneveld;-1974;2012
70;The Sound Of Silence;Simon & Garfunkel;-1966;2012
71;Over De Muur;Klein Orkest;-1984;2012
72;Empire state of mind (Part II) Broken Down;Alicia Keys;-2010;2012
73;Telegraph Road;Dire Straits;-1982;2012
74;Purple Rain;Prince & the Revolution;-1984;2012
75;Papa;Stef Bos;-1991;2012
76;Love Of My Life;Queen;-1975;2012
77;Tears In Heaven;Eric Clapton;-1992;2012
78;Fragile;Sting;-1988;2012
79;I Follow Rivers;Triggerfinger;-2012;2012
80;Goodnight Saigon;Billy Joel;-1983;2012
81;Go Your Own Way;Fleetwood Mac;-1977;2012
82;A Day In The Life;Beatles;-1967;2012
83;Billie Jean;Michael Jackson;-1983;2012
84;Bitter Sweet Symphony;Verve;-1997;2012
85;Yesterday;Beatles;-1965;2012
86;The Rose;Bette Midler;-1980;2012
87;Somebody To Love;Queen;-1976;2012
88;Paranoid;Black Sabbath;-1970;2012
89;Enter sandman;Metallica;-1991;2012
90;Don't Stop Me Now;Queen;-1979;2012
91;Whole Lotta Love;Led Zeppelin;-1969;2012
92;Stil In Mij;Van Dik Hout;-1994;2012
93;(i Can't Get No) Satisfaction;Rolling Stones;-1965;2012
94;Just breathe;Pearl Jam;-2009;2012
95;Hurricane;Bob Dylan;-1975;2012
96;Beautiful Day;U2;-2000;2012
97;Back to black;Amy Winehouse;-2011;2012
98;Het Regent Zonnestralen;Acda En De Munnik;-1998;2012
99;Little Lion Man;Mumford & Sons;-2009;2012
100;A night like this;Caro Emerald;-2009;2012
0;;;0;0
